company,label,url,enabled
삼성물산,공식 홈페이지,https://www.secc.co.kr,true
삼성물산,채용,https://www.secc.co.kr/kr/recruit/recruitMain.do,true
삼성물산,사업소개,https://www.secc.co.kr/kr/business/building.do,true
현대건설,공식 홈페이지,https://www.hdec.kr,true
현대건설,인재상,https://www.hdec.kr/kr/career/talent01.aspx,true
현대건설,비전,https://www.hdec.kr/kr/company/vision.aspx,true
현대건설,사업소개,https://www.hdec.kr/kr/business/business01.aspx,true
대우건설,공식 홈페이지,https://www.daewooenc.com,true
대우건설,채용,https://recruit.daewooenc.com,true
대우건설,사업소개,https://www.daewooenc.com/company/business.do,true
DL이앤씨,공식 홈페이지,https://www.dlenc.co.kr,true
DL이앤씨,채용,https://recruit.dlenc.co.kr,true
DL이앤씨,사업소개,https://www.dlenc.co.kr/business/intro,true
GS건설,공식 홈페이지,https://www.gsenc.com,true
GS건설,채용,https://recruit.gsenc.com,true
GS건설,사업소개,https://www.gsenc.com/business/business.aspx,true
현대엔지니어링,공식 홈페이지,https://www.hec.co.kr,true
현대엔지니어링,채용,https://www.hec.co.kr/ko/recruit,true
현대엔지니어링,사업소개,https://www.hec.co.kr/ko/business,true
포스코이앤씨,공식 홈페이지,https://www.poscoenc.com,true
포스코이앤씨,채용,https://recruit.poscoenc.com,true
포스코이앤씨,사업소개,https://www.poscoenc.com/ko/business/default.asp,true
롯데건설,공식 홈페이지,https://www.lottecon.co.kr,true
롯데건설,채용,https://recruit.lottecon.co.kr,true
롯데건설,사업소개,https://www.lottecon.co.kr/business/overview.do,true
SK에코플랜트,공식 홈페이지,https://www.skecoplant.com,true
SK에코플랜트,채용,https://recruit.skecoplant.com,true
SK에코플랜트,사업소개,https://www.skecoplant.com/front/business/overview,true
HDC현대산업개발,공식 홈페이지,https://www.hdc-dvp.com,true
HDC현대산업개발,채용,https://recruit.hdc-dvp.com,true
HDC현대산업개발,사업소개,https://www.hdc-dvp.com/business/main,true
한화,공식 홈페이지,https://www.hwenc.co.kr,true
한화,채용,https://www.hwenc.co.kr/ko/recruit/recruit.do,true
한화,사업소개,https://www.hwenc.co.kr/ko/business/business.do,true
호반건설,공식 홈페이지,https://www.ihoban.co.kr,true
호반건설,채용,https://recruit.hoban.co.kr,true
호반건설,사업소개,https://www.ihoban.co.kr,true
DL건설,공식 홈페이지,https://www.dlconstruction.co.kr,true
DL건설,채용,https://www.dlconstruction.co.kr/recruit,true
DL건설,사업소개,https://www.dlconstruction.co.kr,true
두산에너빌리티,공식 홈페이지,https://www.doosanenerbility.com,true
두산에너빌리티,채용,https://career.doosan.com,true
두산에너빌리티,사업소개,https://www.doosanenerbility.com/kr/business,true
계룡건설산업,공식 홈페이지,https://www.krcon.co.kr,true
계룡건설산업,채용,https://recruit.krcon.co.kr,true
계룡건설산업,사업소개,https://www.krcon.co.kr,true
서희건설,공식 홈페이지,https://www.seohee.co.kr,true
서희건설,채용,https://www.seohee.co.kr,true
서희건설,사업소개,https://www.seohee.co.kr,true
제일건설,공식 홈페이지,https://www.jeilcon.co.kr,true
제일건설,채용,https://www.jeilcon.co.kr,true
제일건설,사업소개,https://www.jeilcon.co.kr,true
코오롱글로벌,공식 홈페이지,https://www.kolonglobal.com,true
코오롱글로벌,채용,https://dream.kolon.com,true
코오롱글로벌,사업소개,https://www.kolonglobal.com/business/construction,true
태영건설,공식 홈페이지,https://www.taeyoung.com,true
태영건설,채용,https://www.taeyoung.com,true
태영건설,사업소개,https://www.taeyoung.com,true
KCC건설,공식 홈페이지,https://www.kccworld.net,true
KCC건설,채용,https://www.kccworld.net,true
KCC건설,사업소개,https://www.kccworld.net,true
금호건설,공식 홈페이지,https://www.kumhoenc.com,true
금호건설,채용,https://www.kumhoenc.com,true
금호건설,사업소개,https://www.kumhoenc.com,true
한신공영,공식 홈페이지,https://www.hanshinc.com,true
한신공영,채용,https://www.hanshinc.com,true
한신공영,사업소개,https://www.hanshinc.com,true
신세계건설,공식 홈페이지,https://www.shinsegae-enc.com,true
신세계건설,채용,https://www.shinsegae-enc.com,true
신세계건설,사업소개,https://www.shinsegae-enc.com,true
동부건설,공식 홈페이지,https://www.dongbu.co.kr,true
동부건설,채용,https://www.dongbu.co.kr,true
동부건설,사업소개,https://www.dongbu.co.kr,true
쌍용건설,공식 홈페이지,https://www.ssyenc.com,true
쌍용건설,채용,https://recruit.ssyenc.com,true
쌍용건설,사업소개,https://www.ssyenc.com,true
HL디앤아이한라,공식 홈페이지,https://www.hldni.com,true
HL디앤아이한라,채용,https://www.hldni.com,true
HL디앤아이한라,사업소개,https://www.hldni.com,true
동원개발,공식 홈페이지,https://www.dongwonapt.co.kr,true
동원개발,채용,https://www.dongwonapt.co.kr,true
동원개발,사업소개,https://www.dongwonapt.co.kr,true
대방건설,공식 홈페이지,https://www.dbcons.co.kr,true
대방건설,채용,https://www.dbcons.co.kr,true
대방건설,사업소개,https://www.dbcons.co.kr,true
중흥토건,공식 홈페이지,https://www.jungheung.co.kr,true
중흥토건,채용,https://www.jungheung.co.kr,true
중흥토건,사업소개,https://www.jungheung.co.kr,true
아이에스동서,공식 홈페이지,https://www.isdongseo.co.kr,true
아이에스동서,채용,https://www.isdongseo.co.kr,true
아이에스동서,사업소개,https://www.isdongseo.co.kr,true